{"instances": [{"Time": "6126", "V1": -0.130701942091627, "V2": 1.02656791747592, "V3": 2.6927927876854105, "V4": 2.6591407914726, "V5": 0.764928419239713, "V6": 1.80033037792473, "V7": 0.317985938878672, "V8": -0.39297551350890597, "V9": 0.8514596679861879, "V10": 1.1235743576742099, "V11": 0.912208762333391, "V12": -2.2333240196845696, "V13": 2.83347629334728, "V14": 0.260704557164804, "V15": -0.9541492143642322, "V16": 0.113724257119746, "V17": -0.187482921734084, "V18": 1.16909174898634, "V19": 1.5565622630036002, "V20": 0.37593560285606703, "V21": -0.26452459186183397, "V22": 0.116818154455445, "V23": -0.370958347793089, "V24": -1.05863543925301, "V25": -0.49891473125213603, "V26": 0.0549064105967339, "V27": -0.5902038164690239, "V28": -0.537678424176011, "Amount": 0.0, "splits": "TEST"}]}